fiscal_quarter,hail,flash_flood,flood
2010Q3,-9.25966850828729,-57.00575815738964,5.891354246365732
2010Q4,27.227217947529425,31.694152923538233,28.205128205128215
2011Q1,22.01388888888889,-5.286539315859617,58.6894586894587
2011Q2,0.0,-1.005025125628145,-51.68831168831169
2011Q3,122.40883977900552,57.58157389635316,105.66182096403978
2011Q4,79.58653935292482,-11.604197901049474,59.47467166979361
2012Q1,69.93055555555556,-13.194135939582408,102.84900284900287
2012Q2,95.0920245398773,-49.246231155778894,10.909090909090914
2012Q3,93.94475138121547,-3.454894433781186,-62.356541698546295
2012Q4,30.657272642996205,-44.947526236881565,-69.85616010006254
2013Q1,12.083333333333336,-34.42914260328743,-23.076923076923073
2013Q2,26.993865030674847,0.0,-32.98701298701299
2013Q3,-8.773480662983424,-51.24760076775432,-39.40321346595256
2013Q4,6.424399740428299,49.14542728635682,20.32520325203253
2014Q1,16.94444444444445,22.701021768103068,-1.9943019943019946
2014Q2,-42.331288343558285,-35.678391959798994,-28.31168831168831
2014Q3,-13.32596685082873,-24.37619961612284,-5.8913542463657205
2014Q4,15.082970241957906,-5.787106446776614,-6.816760475297057
2015Q1,18.680555555555543,0.755219902265658,-13.10541310541311
2015Q2,-56.44171779141105,-50.25125628140703,-59.480519480519476
2015Q3,12.26519337016574,-28.9827255278311,-12.93037490436113
2015Q4,-7.147492351905072,88.36581709145428,18.699186991869922
2016Q1,15.208333333333336,-14.615726343847179,-13.390313390313391
2016Q2,65.03067484662577,175.37688442211055,111.6883116883117
2016Q3,8.287292817679548,60.46065259117081,-43.68783473603672
2016Q4,1.4925373134328401,-20.17991004497751,-41.213258286429024
2017Q1,-12.083333333333336,16.126166148378495,58.6894586894587
2017Q2,84.04907975460122,-20.603015075376884,0.0
2017Q3,63.8011049723757,27.831094049904024,27.00841622035195
2017Q4,-3.5320292945211884,0.14992503748125774,14.071294559099435
2018Q1,-13.81944444444444,-11.505997334517993,1.9943019943019946
2018Q2,-28.834355828220858,-48.24120603015075,-39.740259740259745
2018Q3,-44.17679558011049,-10.364683301343568,96.17444529456772
2018Q4,-1.5667006581996823,-1.3493253373313308,76.11006879299562
2019Q1,-20.138888888888886,79.29808973789427,336.7521367521367
2019Q2,-24.5398773006135,14.572864321608048,72.20779220779221
2019Q3,-42.1878453038674,17.658349328214975,212.62433052792656
2019Q4,0.7694447019560569,39.79010494752624,107.87992495309568
2020Q1,48.33333333333334,-19.591292758773882,71.50997150997152
2020Q2,-14.110429447852757,73.86934673366834,26.75324675324675
2020Q3,-6.651933701657454,30.326295585412666,36.34276970160673
2020Q4,-20.867711133772136,-23.118440779610193,2.9393370856785506
2021Q1,-18.055555555555557,3.0653043091959153,39.6011396011396
2021Q2,-39.877300613496935,2.5125628140703515,12.2077922077922
2021Q3,-24.5524861878453,3.454894433781197,-20.58148431522571
2021Q4,-41.54074348753129,34.39280359820089,-28.705440900562852
2022Q1,-18.194444444444446,65.97067969791203,81.19658119658119
2022Q2,33.12883435582823,-38.19095477386934,-43.8961038961039
2022Q3,-33.96685082872928,-46.449136276391556,-20.734506503442994
2022Q4,-13.062019097061272,-30.194902548725633,-19.949968730456536
2023Q1,-42.43055555555556,25.544202576632614,-11.965811965811968
2023Q2,47.23926380368098,20.100502512562812,99.74025974025975
2023Q3,30.96132596685084,-25.335892514395397,71.23182861514921
2023Q4,25.132103457865938,-0.14992503748125774,-31.707317073170728
2024Q1,27.29166666666667,-0.755219902265658,-20.227920227920226
2024Q2,15.337423312883436,94.47236180904524,89.35064935064936
2024Q3,6.651933701657464,44.72168905950096,-7.574598316755932
2024Q4,-0.7694447019560569,9.325337331334339,-2.9393370856785506
2025Q1,-31.59722222222222,27.410039982230128,-19.088319088319082
2025Q2,-30.67484662576687,46.73366834170854,-11.168831168831172
2025Q3,30.16574585635359,105.95009596928983,43.38179035960215
2025Q4,-7.536849911931032,81.40929535232384,-22.576610381488425
2026Q1,-21.04166666666667,-10.706352732119061,-32.193732193732195
