origin_year,period,category,actual,partition,seasonal_median,ridge_trend
2015,2016Q2,hail,269.0,development,185.0,893.4313026464964
2015,2016Q3,hail,2450.0,development,2064.0,2012.4264268709583
2015,2016Q4,hail,5474.0,development,6862.0,2716.950655429853
2015,2016Q2,flash_flood,548.0,development,162.5,400.62453159945096
2015,2016Q3,flash_flood,836.0,development,394.0,516.7662921712404
2015,2016Q4,flash_flood,1331.0,development,1571.0,831.5870086930852
2015,2016Q2,flood,815.0,development,267.0,399.6088056318948
2015,2016Q3,flood,368.0,development,615.0,493.6494973016303
2015,2016Q4,flood,470.0,development,962.0,541.5571610987832
2016,2017Q2,hail,300.0,development,163.0,704.2337332994093
2016,2017Q3,hail,3706.0,development,2302.0,1908.9834201583335
2016,2017Q4,hail,5203.0,development,6534.5,2637.846286556609
2016,2017Q2,flash_flood,158.0,development,128.0,364.1387217763292
2016,2017Q3,flash_flood,666.0,development,382.0,505.0596909521352
2016,2017Q4,flash_flood,1670.0,development,1883.5,901.8773029556904
2016,2017Q2,flood,385.0,development,258.0,364.78642229013127
2016,2017Q3,flood,830.0,development,592.0,484.45767352555765
2016,2017Q4,flood,912.0,development,955.5,545.4877686031762
2017,2018Q2,hail,116.0,development,185.0,653.1413893556336
2017,2018Q3,hail,1263.0,development,2450.0,1908.6072013411754
2017,2018Q4,hail,5309.0,development,6207.0,2712.831393317439
2017,2018Q2,flash_flood,103.0,development,162.5,399.7156859586117
2017,2018Q3,flash_flood,467.0,development,394.0,556.1951330052406
2017,2018Q4,flash_flood,1645.0,development,1571.0,987.1694766039507
2017,2018Q2,flood,232.0,development,267.0,390.08423946418526
2017,2018Q3,flood,1282.0,development,569.0,484.5533784972053
2017,2018Q4,flood,1408.0,development,949.0,549.7676585127886
2018,2019Q2,hail,123.0,development,207.0,625.6066799523455
2018,2019Q3,hail,1308.0,development,2495.0,1985.8933436191633
2018,2019Q4,hail,5435.0,development,5973.5,2821.1642829465873
2018,2019Q2,flash_flood,228.0,development,158.0,381.6374166501513
2018,2019Q3,flash_flood,613.0,development,448.5,566.533251113369
2018,2019Q4,flash_flood,2331.0,development,1620.5,1025.0716622300176
2018,2019Q2,flood,663.0,development,276.0,399.0399967505219
2018,2019Q3,flood,2043.0,development,592.0,511.1315113139701
2018,2019Q4,flood,1662.0,development,930.5,579.0801262761821
2019,2020Q2,hail,140.0,development,185.0,534.0201081383925
2019,2020Q3,hail,2112.0,development,2450.0,1816.8301705106974
2019,2020Q4,hail,4268.0,development,5740.0,2730.78932928283
2019,2020Q2,flash_flood,346.0,development,143.0,357.12794510058734
2019,2020Q3,flash_flood,679.0,development,467.0,564.4181370567077
2019,2020Q4,flash_flood,1282.0,development,1645.0,1057.7295078137647
2019,2020Q2,flood,488.0,development,267.0,421.16278272087953
2019,2020Q3,flood,891.0,development,615.0,584.1386303621804
2019,2020Q4,flood,823.0,development,949.0,661.432697057626
2020,2021Q2,hail,98.0,development,163.0,477.86254373867774
2020,2021Q3,hail,1707.0,development,2257.0,1727.2953893124584
2020,2021Q4,hail,3153.0,development,5607.0,2730.992039478101
2020,2021Q2,flash_flood,204.0,development,158.0,357.61510050681215
2020,2021Q3,flash_flood,539.0,development,485.0,581.2784698561003
2020,2021Q4,flash_flood,2241.0,development,1657.5,1128.8080330718515
2020,2021Q2,flood,432.0,development,276.0,477.5943382289897
2020,2021Q3,flood,519.0,development,653.5,689.6462432776273
2020,2021Q4,flood,570.0,development,955.5,768.9717242787736
2021,2022Q2,hail,217.0,development,151.5,432.1452121074267
2021,2022Q3,hail,1494.0,development,2112.0,1676.1112578177488
2021,2022Q4,hail,4689.0,development,5474.0,2680.462593444723
2021,2022Q2,flash_flood,123.0,development,177.5,367.3070410865913
2021,2022Q3,flash_flood,279.0,development,503.0,602.6982002403461
2021,2022Q4,flash_flood,1164.0,development,1645.0,1169.081090061458
2021,2022Q2,flood,216.0,development,330.5,490.5694483771508
2021,2022Q3,flood,518.0,development,692.0,716.3950208174684
2021,2022Q4,flood,640.0,development,949.0,791.7429176328845
2022,2023Q2,hail,240.0,embargo,140.0,377.18699076731633
2022,2023Q3,hail,2963.0,embargo,2088.0,1569.469803551998
2022,2023Q4,hail,6749.0,embargo,5454.5,2525.0649579910246
2022,2023Q2,flash_flood,239.0,embargo,197.0,370.7058214410811
2022,2023Q3,flash_flood,389.0,embargo,521.0,622.7921059081261
2022,2023Q4,flash_flood,1665.0,embargo,1657.5,1251.0126975913925
2022,2023Q2,flood,769.0,embargo,385.0,485.97013265433253
2022,2023Q3,flood,1119.0,embargo,653.5,703.1921723428425
2022,2023Q4,flood,546.0,embargo,930.5,776.7382155322251
2023,2024Q2,hail,188.0,holdout,151.5,354.53213734942136
2023,2024Q3,hail,2413.0,holdout,2064.0,1509.0386735734953
2023,2024Q4,hail,5352.0,holdout,5435.0,2499.0283610445895
2023,2024Q2,flash_flood,387.0,holdout,177.5,339.11826121887555
2023,2024Q3,flash_flood,754.0,holdout,503.0,577.6220745426021
2023,2024Q4,flash_flood,1823.0,holdout,1645.0,1197.0768473574071
2023,2024Q2,flood,729.0,holdout,330.5,445.66227878124516
2023,2024Q3,flood,604.0,holdout,615.0,659.037503047543
2023,2024Q4,flood,776.0,holdout,912.0,731.008066867698
2024,2025Q2,hail,113.0,holdout,163.0,361.5396821007406
2024,2025Q3,hail,2945.0,holdout,2088.0,1612.590472167682
2024,2025Q4,hail,4987.0,holdout,5454.5,2707.8282306705623
2024,2025Q2,flash_flood,292.0,holdout,197.0,334.34103385316865
2024,2025Q3,flash_flood,1073.0,holdout,485.0,568.6427396157293
2024,2025Q4,flash_flood,3025.0,holdout,1655.0,1214.5275199695063
2024,2025Q2,flood,342.0,holdout,385.0,462.4841601120577
2024,2025Q3,flood,937.0,holdout,653.5,682.8115014586703
2024,2025Q4,flood,619.0,holdout,867.5,731.9234049723005
